<?xml version="1.0" encoding="UTF-8" standalone="no"?><xmap-revision-content xmlns="urn:xmind:xmap:xmlns:revision:1.0" xmlns:fo="http://www.w3.org/1999/XSL/Format" xmlns:svg="http://www.w3.org/2000/svg" xmlns:xhtml="http://www.w3.org/1999/xhtml" xmlns:xlink="http://www.w3.org/1999/xlink"><sheet id="7eh8vj83iej91cr4mublqneks2" style-id="6vjicevd3j4ve5ruphuh73c6bc" timestamp="1436316568435" xmlns="urn:xmind:xmap:xmlns:content:2.0"><topic id="6edl4nm18o626kqgrb4gj1uo7h" structure-class="org.xmind.ui.logic.right" style-id="4c0h3saael96q08q08ton3n5jt" timestamp="1436316353697"><title>1.请问您的职业规划是什么呢？</title><children><topics type="attached"><topic id="11rrh13dbmpgsqdg10vt1ftnb4" style-id="0e27d34n6mhn7g41a3c94khsje" timestamp="1436316362924"><title>提问目的</title><children><topics type="attached"><topic branch="folded" id="4fq73j2p9od7ru82919jm229l9" style-id="5ert579bpv20t22np11tuc8ll5" timestamp="1436316412284"><title>① 对于未来是否有一定的规划</title></topic><topic branch="folded" id="4rf7hmlc3apips13lafs11nd58" style-id="5ert579bpv20t22np11tuc8ll5" timestamp="1436316446249"><title>② 是否了解公司，以及自己的能力与公司的岗位是否匹配</title></topic><topic id="0r3f0o1oj9735d68jgq1u09faq" timestamp="1436316465800"><title>③ 对于即将从事的岗位是否热爱</title></topic></topics></children><marker-refs><marker-ref marker-id="priority-1"/></marker-refs></topic><topic id="3mo1dnre7m87qoan4kbur74mg8" style-id="0e27d34n6mhn7g41a3c94khsje" timestamp="1436316525901"><title>思考角度</title><marker-refs><marker-ref marker-id="priority-2"/></marker-refs><children><topics type="attached"><topic branch="folded" id="0p2ubm5spicf8scol0sd84qmti" style-id="5ert579bpv20t22np11tuc8ll5" timestamp="1436316516241"><title svg:width="500">① 非常热爱这个工作岗位，有激情。</title></topic><topic id="5h1vr4ej25g3psa9ir98mc855o" timestamp="1436316548130"><title>② 对于公司和这份工作的了解</title></topic><topic id="2p2mqov29hl118ql68qdsr029q" timestamp="1436316568435"><title>③ 自己的规划与公司的规划之间的符合度</title></topic></topics></children></topic><topic id="3og3gm152gpvk1gnbeb1behim3" style-id="0e27d34n6mhn7g41a3c94khsje" timestamp="1436229141443"><title>参考话术</title><marker-refs><marker-ref marker-id="priority-3"/></marker-refs><children><topics type="attached"><topic branch="folded" id="5v0rqfbvi3btmsbbqgqksdl283" style-id="5ert579bpv20t22np11tuc8ll5" timestamp="1436229256835"><title svg:width="500">1.在实际工作中，我做到了比一般同事更具有奉献精神，并且得到了领导和同事的认同。</title></topic><topic branch="folded" id="5eecerdip1q5hj13603rl4dqlg" style-id="5ert579bpv20t22np11tuc8ll5" timestamp="1436229297952"><title svg:width="500">2.每当团队遇到困难时，自己总是冲在前面，并且是成功解决此项困难的主要员工。</title></topic></topics></children></topic></topics></children></topic><title>Sheet 1</title></sheet></xmap-revision-content>