<?xml version="1.0" encoding="UTF-8" standalone="no"?><xmap-revision-content xmlns="urn:xmind:xmap:xmlns:revision:1.0" xmlns:fo="http://www.w3.org/1999/XSL/Format" xmlns:svg="http://www.w3.org/2000/svg" xmlns:xhtml="http://www.w3.org/1999/xhtml" xmlns:xlink="http://www.w3.org/1999/xlink"><sheet id="7eh8vj83iej91cr4mublqneks2" style-id="6vjicevd3j4ve5ruphuh73c6bc" timestamp="1438393737643" xmlns="urn:xmind:xmap:xmlns:content:2.0"><topic id="6edl4nm18o626kqgrb4gj1uo7h" structure-class="org.xmind.ui.logic.right" style-id="4c0h3saael96q08q08ton3n5jt" timestamp="1438393737643"><title svg:width="188">1.请问您的职业规划是什么呢？</title><children><topics type="attached"><topic id="11rrh13dbmpgsqdg10vt1ftnb4" style-id="1j5golos9dts8i802ki9veor23" timestamp="1438334906496"><title>面试官问此问题的目的和关注点</title><children><topics type="attached"><topic branch="folded" id="4fq73j2p9od7ru82919jm229l9" style-id="24r7va071rtj5m2vt77cajrn9h" timestamp="1438335001579"><title>① 对于未来是否有一定的规划；</title></topic><topic branch="folded" id="4rf7hmlc3apips13lafs11nd58" style-id="24r7va071rtj5m2vt77cajrn9h" timestamp="1438335004914"><title svg:width="500">② 是否了解公司，以及自己的能力与公司的岗位是否匹配；</title></topic><topic id="0r3f0o1oj9735d68jgq1u09faq" style-id="24r7va071rtj5m2vt77cajrn9h" timestamp="1438335008015"><title>③ 对于即将从事的岗位是否热爱。</title></topic></topics></children><marker-refs><marker-ref marker-id="priority-1"/></marker-refs></topic><topic id="3mo1dnre7m87qoan4kbur74mg8" style-id="1j5golos9dts8i802ki9veor23" timestamp="1438334912070"><title>思考角度</title><marker-refs><marker-ref marker-id="priority-2"/></marker-refs><children><topics type="attached"><topic branch="folded" id="0p2ubm5spicf8scol0sd84qmti" style-id="24r7va071rtj5m2vt77cajrn9h" timestamp="1438335011618"><title svg:width="500">① 非常热爱这个工作岗位，有激情；</title></topic><topic id="5h1vr4ej25g3psa9ir98mc855o" style-id="24r7va071rtj5m2vt77cajrn9h" timestamp="1438335015104"><title>② 对于公司和这份工作的了解；</title></topic><topic id="2p2mqov29hl118ql68qdsr029q" style-id="24r7va071rtj5m2vt77cajrn9h" timestamp="1438335018585"><title>③ 自己的规划与公司的规划之间具有匹配度。</title></topic></topics></children></topic><topic id="3og3gm152gpvk1gnbeb1behim3" style-id="1j5golos9dts8i802ki9veor23" timestamp="1438334919215"><title>回答攻略</title><marker-refs><marker-ref marker-id="priority-3"/></marker-refs><children><topics type="attached"><topic branch="folded" id="5v0rqfbvi3btmsbbqgqksdl283" style-id="24r7va071rtj5m2vt77cajrn9h" timestamp="1438334966871"><title svg:width="500">   作为XX专业的学生我非常热爱自己的专业，所以我希望从事XXX职业。在步入职场的前三年对于我来说更多的是学习和积累的阶段，作为一名应届生这三年我接触到的可能更多的是基础性的工作，那么我将把这些基础的工作用心去做到极致，在不断的重复和积累的过程中将自己的理论与实践能力紧密结合，同时吐故纳新，适应新形势的变化不断的吸收和学习新的技能，全面的提升自己的专业能力。在未来的三到五年我将把它制定为我的第一个攀升阶段，我相信经过前面的三年积累我对于专业技能将能够熟练掌握，那么此时我在完成工作的时候应该更多的去思考去创新,成为技术骨干，当然因为计划赶不上变化，所以我的职业规划也会随着公司的发展趋势进行适当的调整，最终实现我个人的职业目标。</title></topic></topics></children></topic></topics></children></topic><title>Sheet 1</title></sheet></xmap-revision-content>