<?xml version="1.0" encoding="UTF-8" standalone="no"?><xmap-revision-content xmlns="urn:xmind:xmap:xmlns:revision:1.0" xmlns:fo="http://www.w3.org/1999/XSL/Format" xmlns:svg="http://www.w3.org/2000/svg" xmlns:xhtml="http://www.w3.org/1999/xhtml" xmlns:xlink="http://www.w3.org/1999/xlink"><sheet id="7eh8vj83iej91cr4mublqneks2" style-id="6vjicevd3j4ve5ruphuh73c6bc" timestamp="1436229297953" xmlns="urn:xmind:xmap:xmlns:content:2.0"><topic id="6edl4nm18o626kqgrb4gj1uo7h" structure-class="org.xmind.ui.logic.right" style-id="4c0h3saael96q08q08ton3n5jt" timestamp="1436229271303"><title>13.你会在什么情况下提出涨薪？</title><children><topics type="attached"><topic id="11rrh13dbmpgsqdg10vt1ftnb4" style-id="0e27d34n6mhn7g41a3c94khsje" timestamp="1436229114145"><title>提问目的</title><children><topics type="attached"><topic branch="folded" id="4fq73j2p9od7ru82919jm229l9" style-id="5ert579bpv20t22np11tuc8ll5" timestamp="1436229019503"><title>提出各类诉求的方式是否属于极端类型员工</title></topic><topic branch="folded" id="4rf7hmlc3apips13lafs11nd58" style-id="5ert579bpv20t22np11tuc8ll5" timestamp="1436229097580"><title>对薪酬与工作的关系处理</title></topic></topics></children><marker-refs><marker-ref marker-id="priority-1"/></marker-refs></topic><topic id="3mo1dnre7m87qoan4kbur74mg8" style-id="0e27d34n6mhn7g41a3c94khsje" timestamp="1436229120517"><title>思考角度</title><marker-refs><marker-ref marker-id="priority-2"/></marker-refs><children><topics type="attached"><topic branch="folded" id="0p2ubm5spicf8scol0sd84qmti" style-id="5ert579bpv20t22np11tuc8ll5" timestamp="1436229128432"><title svg:width="500">打破“以工龄论薪酬”的思维怪圈。企业对员工薪酬的涨幅是从“个人对企业的贡献程度、自身的成长速度、协同合作的能力”等多方面考虑的。</title></topic></topics></children></topic><topic id="3og3gm152gpvk1gnbeb1behim3" style-id="0e27d34n6mhn7g41a3c94khsje" timestamp="1436229141443"><title>参考话术</title><marker-refs><marker-ref marker-id="priority-3"/></marker-refs><children><topics type="attached"><topic branch="folded" id="5v0rqfbvi3btmsbbqgqksdl283" style-id="5ert579bpv20t22np11tuc8ll5" timestamp="1436229256835"><title svg:width="500">1.在实际工作中，我做到了比一般同事更具有奉献精神，并且得到了领导和同事的认同。</title></topic><topic branch="folded" id="5eecerdip1q5hj13603rl4dqlg" style-id="5ert579bpv20t22np11tuc8ll5" timestamp="1436229297952"><title svg:width="500">2.每当团队遇到困难时，自己总是冲在前面，并且是成功解决此项困难的主要员工。</title></topic></topics></children></topic></topics></children></topic><title>Sheet 1</title></sheet></xmap-revision-content>