<?xml version="1.0" encoding="UTF-8" standalone="no"?><xmap-styles xmlns="urn:xmind:xmap:xmlns:style:2.0" xmlns:fo="http://www.w3.org/1999/XSL/Format" xmlns:svg="http://www.w3.org/2000/svg" version="2.0"><styles><style xmlns="urn:xmind:xmap:xmlns:style:1.0" id="5ert579bpv20t22np11tuc8ll5" type="topic"><topic-properties fo:font-size="10pt"/></style><style xmlns="urn:xmind:xmap:xmlns:style:1.0" id="0e27d34n6mhn7g41a3c94khsje" type="topic"><topic-properties fo:font-size="13pt"/></style><style xmlns="urn:xmind:xmap:xmlns:style:1.0" id="7i8n3ub7gnfpi3km0oi9aljksr" type="topic"><topic-properties fo:font-size="10pt" fo:font-style="italic"/></style><style id="4c0h3saael96q08q08ton3n5jt" type="topic"><topic-properties fo:color="#733900" fo:font-weight="bold" line-color="#A06C32" line-width="3pt" shape-class="org.xmind.topicShape.ellipse" svg:fill="#FBCF04"/></style><style id="6vjicevd3j4ve5ruphuh73c6bc" type="map"><map-properties background="xap:attachments/6q2gq2o746ui8vdl98drrge9sb.png"/></style><style id="1j5golos9dts8i802ki9veor23" type="topic"><topic-properties fo:font-size="14pt"/></style><style id="24r7va071rtj5m2vt77cajrn9h" type="topic"><topic-properties fo:font-size="12pt"/></style></styles></xmap-styles>